name,group,owner,language,homepage,streamUrl,bitrate,codec,logo,genres,nowPlayingApi,fm,dab,geo,rpuId,wikidata,catalogId,inCatalog
Radio 1 - Nur für Erwachsene,independent / community,,de,https://www.radio1.ch,https://stream.radio1.ch/128k,128,mpeg,https://assets.radioplayer.org/756/756158/600/600/l5upjbcp.png,1980s|Pop,,,,"46.948,7.447",NzU2fjE1OA,,ch-radio1-ch,Y
2Go.CH,,,,https://radio2go.fm/player/iframe.html,https://uksoutha.streaming.broadcast.radio/radio2go,128,mpeg,https://assets.radioplayer.org/756/756204/600/600/llcxlmt4.png,1980s|Pop,,,,"47.48,8.211",NzU2fjIwNA,,ch-radio-2go,Y
Radio 3FACH,independent / community,,de,http://3fach.ch/radioplayer/api/3fachinfo.php,https://stream01.3fach.ch/live,320,mpeg,https://assets.radioplayer.org/756/756150/600/600/l45ae2mj.png,Alternative / Indie|Rap / Hip Hop / Reggae,,,,"46.948,7.447",NzU2fjE1MA,,ch-radio-3fach,Y
Radio 24,CH Media,,de,https://www.radio24.ch/,https://stream.streambase.ch/radio24/mp3-192,192,mpeg,https://assets.radioplayer.org/756/756129/600/600/l458pixl.png,Pop,CH Media,,Y,"47.4186,8.5552",NzU2fjEyOQ,,ch-radio24,Y
Radio 32,CH Media,,de,https://www.radio32.ch,https://stream.streambase.ch/radio32/mp3-192,192,mpeg,https://assets.radioplayer.org/756/756144/600/600/ldikxwk3.png,News,CH Media,Y,Y,"47.2041,7.5428",NzU2fjE0NA,,ch-radio-32,Y
Goldies,CH Media,,de,https://srp.radio32.ch/goldies/console,https://stream.streambase.ch/r32goldies/mp3-192,192,mpeg,https://assets.radioplayer.org/756/756145/600/600/m4a61k7h.png,1980s|Oldies,CH Media,,,,NzU2fjE0NQ,,,
105 DJ Radio - Today's Best Music,,,,https://www.my105.ch,https://stream01.my105.ch/my105original-rp.mp3,128,mpeg,https://assets.radioplayer.org/756/756156/600/600/lbly9b28.jpeg,Hit-Chart|Dance / Dance-Pop,,,,"46.948,7.447",NzU2fjE1Ng,,ch-my105-x-mas,Y
Radio Argovia,CH Media,,de,https://www.argovia.ch/,https://stream.streambase.ch/argovia/mp3-192,192,mpeg,https://assets.radioplayer.org/756/756128/600/600/l458sc45.png,Hit-Chart|Pop,CH Media,Y,Y,"47.32,7.8972",NzU2fjEyOA,,ch-radio-argovia,Y
Radio Basilisk,independent / community,,de,https://console.swissradioplayer.ch/stations/live/107/index.html,https://radiobasilisk-64.ice.infomaniak.ch/radiobasilisk-64-128-2.mp3,128,mpeg,https://assets.radioplayer.org/756/756107/600/600/l459q9vz.png,Hit-Chart|Pop,Infomaniak (Romandie),,Y,"0,0",NzU2fjEwNw,,ch-radio-basilisk,Y
Radio Berner Oberland,independent / community,,de,https://www.radiobeo.ch/playlist/,https://streaming.radiobeo.ch/beo/mp3_192/web,192,mpeg,https://assets.radioplayer.org/756/756120/600/600/meiube1p.png,News|Pop-Rock,,,,,NzU2fjEyMA,,,
Radio Bern RaBe,independent / community,,de,http://radioplayer.rabe.ch/,https://stream.rabe.ch/livestream/rabe-hd.mp3,320,mpeg,https://assets.radioplayer.org/756/756141/600/600/l458naih.png,Pop-Rock|Alternative / Indie,,,,,NzU2fjE0MQ,,,
RADIO BERN1,CH Media,,de,https://radiobern1.ch,https://stream.streambase.ch/radiobern1/mp3-192,192,mpeg,https://assets.radioplayer.org/756/756102/600/600/l458ptou.png,Hit-Chart|Pop,CH Media,,Y,"0,0",NzU2fjEwMg,,ch-radio-bern1,Y
Break Radio,,,,https://www.breakradio.ch/,https://breakradio.ice.infomaniak.ch/breakradio-192.mp3,192,mpeg,https://assets.radioplayer.org/756/756207/600/600/lh7iu1yw.jpeg,RNB|Rap / Hip Hop / Reggae,Infomaniak (Romandie),,,"46.225,7.352",NzU2fjIwNw,,ch-break-radio,Y
Radio Canal 3,independent / community,,de,https://web.canal3.ch/livestream/de/,https://radio.upstream-cloud.ch/canal3allemand-192.mp3,192,mpeg,https://assets.radioplayer.org/756/756104/600/600/l459p7ou.png,Hit-Chart|Pop,,,,"47.136,7.243",NzU2fjEwNA,,ch-canal3-deutsch,Y
Radio Central,CH Media,,de,https://www.radiocentral.ch/,https://stream.streambase.ch/rcentral/mp3-192,192,mpeg,https://assets.radioplayer.org/756/756136/600/600/l45ad97z.png,News|Pop,CH Media,Y,Y,"0,0",NzU2fjEzNg,,ch-radio-central,Y
Radio Central 2,CH Media,,de,https://www.radiocentral.ch/,https://stream.streambase.ch/rcentralasz/mp3-192,192,mpeg,https://assets.radioplayer.org/756/756137/600/600/l459q9to.png,News|Pop,CH Media,,,"0,0",NzU2fjEzNw,,ch-radio-central,Y
Radio Chablais,independent,,fr,https://radiochablais.ch/,https://radiochablais.ice.infomaniak.ch/radiochablais-high.mp3,128,mpeg,https://assets.radioplayer.org/756/7565018/600/600/l458lrnd.png,Hit-Chart|1990s,Infomaniak (Romandie),Y,Y,"0,0",NzU2fjUwMTg,,ch-radio-chablais,Y
Country Radio Switzerland,,,,https://radioplayer.countryradio.ch,https://listen.countryradio.ch/,320,mpeg,https://assets.radioplayer.org/756/756182/600/600/l458q8r9.png,Country,,,,"46.948,7.447",NzU2fjE4Mg,,ch-country-radio-switzerland,Y
diis Radio,independent / community,,de,http://www.diis.ch/console/,https://cast4.asurahosting.com/proxy/diisradi/stream,256,mpeg,https://assets.radioplayer.org/756/756112/600/600/l459qj4o.png,Oldies|Pop,,,,,NzU2fjExMg,,,
THE STAGE,,,,https://www.drift.fm/play,https://stream.teak.media/thestage/mp3_192,192,mpeg,https://assets.radioplayer.org/756/756198/600/600/mpf7gluk.jpeg,Rock|Country,,,,"46.948,7.447",NzU2fjE5OA,,ch-driftfm,Y
ELLIPTICUM,,,,http://onedancefm.ch/player.ch,https://live.ellipticum.radio/elli_ch.mp3,128,mpeg,https://assets.radioplayer.org/756/756183/600/600/m406h6wq.png,Dance / Dance-Pop,,,,"46.948,7.447",NzU2fjE4Mw,,ch-one-dance-ticino,Y
Radio ERF Plus,independent / community,,de,https://radio-erf-plus.ch/radioplayer_erfplus/index.html,https://stream1.lifechannel.ch/ERFPLUS,192,mpeg,https://assets.radioplayer.org/756/756134/600/600/l459snv3.png,Pop|Alternative / Indie,,,,,NzU2fjEzNA,,,
Radio EVIVA,CH Media,,de,https://www.eviva.ch/,https://stream.streambase.ch/reviva/mp3-192,192,mpeg,https://assets.radioplayer.org/756/756139/600/600/l45aiwaq.png,Volksmusik,CH Media,,,"47.1449,8.4343",NzU2fjEzOQ,,ch-radio-eviva,Y
FLASHBACK FM,CH Media,,de,https://www.flashbackfm.ch/,https://stream.streambase.ch/ffm/mp3-192,192,mpeg,https://assets.radioplayer.org/756/756130/600/600/l5uoouyg.png,1980s|Pop,CH Media,,,,NzU2fjEzMA,,,
FM1,CH Media,,de,https://www.radiofm1.ch/,https://stream.streambase.ch/radiofm1/mp3-192,192,mpeg,https://assets.radioplayer.org/756/756122/600/600/m4a5uyaw.jpeg,Pop,CH Media,Y,Y,"47.4312,9.3787",NzU2fjEyMg,,ch-radio-fm1,Y
RadioFr. Fresh,independent,,fr,https://www.radiofr.ch/radioplayer/fresh,https://radiofresh.ice.infomaniak.ch/radiofresh.aac,128,aac,https://assets.radioplayer.org/756/756147/600/600/l5uotg6p.png,Oldies|Pop,Infomaniak (Romandie),,,"46.948,7.447",NzU2fjE0Nw,,ch-radio-fribourg,Y
Frequence Broadway Radio,independent,,fr,,https://frequencebroadway.ice.infomaniak.ch/frequencebroadway-128.mp3,128,mpeg,https://assets.radioplayer.org/756/756208/600/600/lh7ig401.png,Oldies|Love Songs,Infomaniak (Romandie),,,,NzU2fjIwOA,,,
RadioFr. Fribourg,independent,,fr,https://www.radiofr.ch/radioplayer/fribourg,https://radiofribourg.ice.infomaniak.ch/radiofribourg-high.aac,64,aac,https://assets.radioplayer.org/756/7565014/600/600/l459sx8g.png,Oldies|Pop,Infomaniak (Romandie),,,"46.948,7.447",NzU2fjUwMTQ,,ch-radio-fribourg,Y
RadioFr. Freiburg,independent,,fr,http://www.radiofr.ch/radioplayer/freiburg,https://radiofreiburg.ice.infomaniak.ch/radiofreiburg-high.mp3,64,mpeg,https://assets.radioplayer.org/756/7565015/600/600/l458m1oi.png,Oldies|Pop,Infomaniak (Romandie),,,"46.948,7.447",NzU2fjUwMTU,,ch-radio-fribourg,Y
GOAT Greatest Hits Radio,,,,https://audio.20min.ch,https://20min.dmd2streaming.com/20minuten_radio_128.mp3,128,mpeg,https://assets.radioplayer.org/756/756191/600/600/ler6q1en.png,1980s|1990s,,,,"46.948,7.447",NzU2fjE5MQ,,ch-goat-radio,Y
Radio Grischa,independent / community,,de,https://radiogrischa.ch,https://stream.radiogrischa.ch/radiogrischa/mp3_128/swissradioplayer,128,mpeg,https://assets.radioplayer.org/756/756108/600/600/m4cejas6.jpeg,News|Hit-Chart,,Y,Y,"46.948,7.447",NzU2fjEwOA,,ch-radio-grischa,Y
GRRIF,BNJ,,fr,https://www.grrif.ch/swissradioplayer,https://grrif.ice.infomaniak.ch/grrif-high.mp3,128,mpeg,https://assets.radioplayer.org/756/7565030/600/600/l459r2n2.png,Rock,Infomaniak (Romandie),Y,Y,"47.3656,7.3434",NzU2fjUwMzA,,builtin-grrif,Y
IP music,,,,https://www.ipmusic.ch/ipmusic-swissradioplayer.html,https://live9.avf.ch/ipmusic256,256,mpeg,https://assets.radioplayer.org/756/75610008/600/600/l5uoii6r.png,1980s|Disco/Party,,,,,NzU2fjEwMDA4,,,
IP music SLOW,,,,https://www.ipmusicslow.ch/ipmusicslow-swissradioplayer.html,https://live9.avf.ch/ipmusicslow256,256,mpeg,https://assets.radioplayer.org/756/75610009/600/600/l5uoil9a.png,Love Songs|Pop-Rock,,,,"46.948,7.447",NzU2fjEwMDA5,,ch-ip-music-slow-aacplus-96-kb-s,Y
Radio Italia Solo Musica Italiana,Ticino (indep.),,it,https://www.radioitalia.it/partnership/radio-italia-dab---svizzera-438356,https://radioitaliasmi.akamaized.net/hls/live/2093120/RISMI/master.m3u8,96,x-mpegurl,https://assets.radioplayer.org/756/7568001/600/600/l458qi37.png,Chanson / Ballad,,,,,NzU2fjgwMDE,,,
JAMES FM - good times only,independent / community,,de,https://www.jamesfm.ch,https://jamesfm.ice.infomaniak.ch/jamesfm.mp3,128,mpeg,https://assets.radioplayer.org/756/756148/600/600/led809c6.png,Pop-Rock|Pop,Infomaniak (Romandie),,,"47.162,8.437",NzU2fjE0OA,,ch-james-fm,Y
Kanal K,independent / community,,de,https://kanalk.ch/radioplayer/,https://play.kanalk.ch/kanalk/mp3-192/radioplayer,192,mpeg,https://assets.radioplayer.org/756/756140/600/600/lnls5hyr.png,Alternative / Indie,,,Y,"0,0",NzU2fjE0MA,,ch-kanal-k,Y
Radio Lac,Media One Group,,fr,https://www.radiolac.ch/swissradioplayer,https://radiolac.ice.infomaniak.ch/radiolac-high.mp3,128,mpeg,https://assets.radioplayer.org/756/7565013/600/600/l459tqlh.png,News,Infomaniak (Romandie),,Y,"46.948,7.447",NzU2fjUwMTM,,ch-radio-lac,Y
Radio LFM,Media One Group,,fr,https://www.lfm.ch/swissradioplayer/infos/,https://lausannefm.ice.infomaniak.ch/lausannefm-high.mp3,128,mpeg,https://assets.radioplayer.org/756/7565002/600/600/l459qf1p.png,News|Pop,Infomaniak (Romandie),,Y,"46.948,7.447",NzU2fjUwMDI,,ch-lfm,Y
Radio Life Channel,independent / community,,de,https://radio.lifechannel.ch/radioplayer_lifechannel/index.html,https://stream1.lifechannel.ch/LIFECHANNEL,192,mpeg,https://assets.radioplayer.org/756/756132/600/600/m2ag7bk4.png,Pop|Alternative / Indie,,,,,NzU2fjEzMg,,,
Radio LoRa,independent / community,,de,https://srp.loratech.ch/radioplayer2,https://lora.ice.infomaniak.ch/lora.mp3,48,mpeg,https://assets.radioplayer.org/756/756197/600/600/m3eornm0.png,Alternative / Indie,Infomaniak (Romandie),,Y,,NzU2fjE5Nw,,,
Magic Radio Switzerland,independent / community,,de,https://www.magicradio.ch/pages/pochettesSRP.php,https://www.magicradio.ch/magic-high.m3u,128,x-mpegurl,https://assets.radioplayer.org/756/7565034/600/600/l45bzya8.png,Pop|Dance / Dance-Pop,,,,,NzU2fjUwMzQ,,,
Radio Melody,CH Media,,de,https://www.radiomelody.ch/,https://stream.streambase.ch/rm/mp3-192,192,mpeg,https://assets.radioplayer.org/756/756123/600/600/l459q0qs.png,Easy listening,CH Media,,,"0,0",NzU2fjEyMw,,ch-radio-melody,Y
Radio Munot,independent / community,,de,http://player.radiomunot.ch,https://streaming.radiomunot.ch/munot/mp3_128,128,mpeg,https://assets.radioplayer.org/756/756100/600/600/l45bzl3c.png,News|Pop,,Y,Y,"47.692,8.626",NzU2fjEwMA,,ch-radio-munot,Y
Radio neo1,independent / community,,de,http://player.neo1.ch,https://webradio.neo1.ch/neo1,128,mpeg,https://assets.radioplayer.org/756/756184/600/600/l5uokj24.png,Hit-Chart|Pop-Rock,,Y,Y,"46.939,7.784",NzU2fjE4NA,,ch-neo1,Y
Urbn Radio,,,,http://www.onefm.ch/swissradioplayer/urban,https://dr2103.ice.infomaniak.ch/dr2103.mp3,128,mpeg,https://assets.radioplayer.org/756/7565010/600/600/lsbjbqpe.png,RNB|Rap / Hip Hop / Reggae,Infomaniak (Romandie),,,"46.948,7.447",NzU2fjUwMTA,,ch-one-fm-2000s,Y
One FM,Media One Group,,fr,http://www.onefm.ch/swissradioplayer,https://onefm.ice.infomaniak.ch/onefm-high.mp3,128,mpeg,https://assets.radioplayer.org/756/7565005/600/600/l459piq0.png,Pop|Dance / Dance-Pop,Infomaniak (Romandie),Y,Y,"46.948,7.447",NzU2fjUwMDU,,ch-one-fm-2000s,Y
YES FM,Media One Group,,fr,http://www.onefm.ch/swissradioplayer/hits,https://yesfm.ice.infomaniak.ch/yesfm-high.mp3,128,mpeg,https://assets.radioplayer.org/756/7565009/600/600/lx8m929b.png,1980s|1990s,Infomaniak (Romandie),,,"46.948,7.447",NzU2fjUwMDk,,ch-one-fm-2000s,Y
Radio Pilatus,CH Media,,de,https://www.radiopilatus.ch,https://stream.streambase.ch/radiopilatus/mp3-192,192,mpeg,https://assets.radioplayer.org/756/756113/600/600/l5upkly1.png,Pop|Rock,CH Media,Y,Y,"0,0",NzU2fjExMw,,ch-radio-pilatus,Y
Positiva,,,,,,,,https://assets.radioplayer.org/756/756232/600/600/lkgy3xyd.png,,,,,,NzU2fjIzMg,,,
powerup_radio,,,,https://www.powerup.ch/powerup-live,https://powerupradio.ice.infomaniak.ch/powerupradio-192.mp3,192,mpeg,https://assets.radioplayer.org/756/75610006/11/1148-mqht5re6.png,Alternative / Indie,Infomaniak (Romandie),,,,NzU2fjEwMDA2,,,
Radio3i,Ticino (indep.),,it,https://radio3i.ch/srplayer/player/index.html,https://icecast.gruppocdt.ch/radio3i-256.mp3,256,mpeg,https://assets.radioplayer.org/756/7568002/600/600/l5uoprf3.png,Pop|Chanson / Ballad,,,,"46.948,7.447",NzU2fjgwMDI,,ch-radio3i,Y
RADIO R,independent,,fr,https://radio-r.ch/radioplayer/,https://radior.ice.infomaniak.ch/radior-96.aac,96,aac,https://assets.radioplayer.org/756/7565035/600/600/l5upjt2f.png,Pop-Rock|Pop,Infomaniak (Romandie),,,"46.948,7.447",NzU2fjUwMzU,,ch-radio-r-louange,Y
Radio Ticino,Ticino (indep.),,it,http://console.swissradioplayer.ch/stations/live/8000/index.html,https://streaming.smartradio.ch/stream/direttalq/stream.pls,96,aac,https://assets.radioplayer.org/756/7568000/600/600/l458o6ib.png,Pop|Chanson / Ballad,,Y,Y,,NzU2fjgwMDA,,,
RFJ,BNJ,,fr,https://www.rfj.ch/swissradioplayer,https://rfj.ice.infomaniak.ch/rfj-high.mp3,128,mpeg,https://assets.radioplayer.org/756/7565029/11/1084-mhoohbq4.png,News|Pop-Rock,Infomaniak (Romandie),Y,Y,"46.948,7.447",NzU2fjUwMjk,,ch-rfj,Y
Rhône FM,ESH Médias,,fr,https://www.rhonefm.ch/,https://rhonefm.ice.infomaniak.ch/rhonefm-high.aac,64,aac,https://assets.radioplayer.org/756/7565016/600/600/ln01cs36.jpeg,News|Pop-Rock,Infomaniak (Romandie),Y,Y,"0,0",NzU2fjUwMTY,,ch-rhone-fm,Y
RJB,BNJ,,fr,http://www.rjb.ch/swissradioplayer,https://rjb.ice.infomaniak.ch/rjb-128.aac,128,aac,https://assets.radioplayer.org/756/7565027/11/1084-mgjed075.png,News|Pop-Rock,Infomaniak (Romandie),Y,Y,"0,0",NzU2fjUwMjc,,ch-radio-jura-bernois,Y
Radio Rottu Oberwallis,independent / community,,de,http://rro.ch/playrro/,https://streaming.rro.ch/rro/mp3_128/swissradioplayer,128,mpeg,https://assets.radioplayer.org/756/756109/600/600/l459r1yf.png,Hit-Chart|Pop,,Y,Y,,NzU2fjEwOQ,,,
rro HITBOX,independent / community,,de,http://rro.ch/playpur,https://streaming.rro.ch/rro_musigpur/mp3_128/swissradioplayer,128,mpeg,https://assets.radioplayer.org/756/756110/600/600/lxerr5om.png,Hit-Chart|Easy listening,,,,,NzU2fjExMA,,,
rro swiss melody,independent / community,,de,http://rro.ch/playmelody,https://streaming.rro.ch/rro_swissmelody/mp3_128/swissradioplayer,128,mpeg,https://assets.radioplayer.org/756/756111/600/600/l458v3h5.png,Easy listening|Volksmusik,,,,,NzU2fjExMQ,,,
Rock Star,,,,http://radiosport.ch/radioplayer/index.html,https://dr2102.ice.infomaniak.ch/dr2102.mp3,128,mpeg,https://assets.radioplayer.org/756/7565020/600/600/lsagfu4o.png,Rock,Infomaniak (Romandie),,,"46.521,6.633",NzU2fjUwMjA,,ch-rockstar-radio,Y
Kiss Collector,,,,http://rougefm.com/radioplayer/rouge80/index.html,https://dr2101.ice.infomaniak.ch/dr2101.mp3,128,mpeg,https://assets.radioplayer.org/756/7565023/600/600/lsbheslz.png,1980s,Infomaniak (Romandie),,,"0,0",NzU2fjUwMjM,,ch-rouge-fm-latino,Y
ROUGE,Media One Group,,fr,http://rougefm.com/radioplayer/rougefm/index.html,https://rougefm.ice.infomaniak.ch/rougefm-high.mp3,128,mpeg,https://assets.radioplayer.org/756/7565026/600/600/l459gqic.png,Pop-Rock,Infomaniak (Romandie),Y,Y,"0,0",NzU2fjUwMjY,,ch-rouge-fm-latino,Y
RSI Rete Due,SRG SSR · RSI,,it,https://cdn.rsi.ch/console/retedue/,https://stxt-audiostreaming.akamaized.net/hls/live/2117380/retedue/variant-96.m3u8,96,application/vnd.apple.mpegurl,https://assets.radioplayer.org/756/7568004/600/600/l458vej2.png,Jazz|Musica popolare,,,,"46.005,8.952",NzU2fjgwMDQ,,builtin-rsi-rete-due,Y
RSI Rete Tre,SRG SSR · RSI,,it,https://cdn.rsi.ch/console/retetre/,https://stxt-audiostreaming.akamaized.net/hls/live/2117380/retetre/variant-96.m3u8,96,application/vnd.apple.mpegurl,https://assets.radioplayer.org/756/7568005/600/600/l5upno3q.png,Pop|Rock,,,,"46.005,8.952",NzU2fjgwMDU,,builtin-rsi-rete-tre,Y
RSI Rete Uno,SRG SSR · RSI,,it,https://cdn.rsi.ch/console/reteuno/,https://stxt-audiostreaming.akamaized.net/hls/live/2117380/reteuno/variant-96.m3u8,96,application/vnd.apple.mpegurl,https://assets.radioplayer.org/756/7568003/600/600/l458qgoi.png,News|Pop,,,,"46.005,8.952",NzU2fjgwMDM,,builtin-rsi-rete-uno,Y
RTN,BNJ,,fr,http://www.rtn.ch/swissradioplayer,https://rtn.ice.infomaniak.ch/rtn-high.mp3,128,mpeg,https://assets.radioplayer.org/756/7565028/11/1084-mhoofp5q.png,News|Pop-Rock,Infomaniak (Romandie),Y,Y,"46.948,7.447",NzU2fjUwMjg,,ch-rtn,Y
Radio RTR,SRG SSR · RTR,Radiotelevisiun Svizra Rumantscha,rm,https://console.swissradioplayer.ch/stations/live/181/index.html,https://stxt-audiostreaming.akamaized.net/hls/live/2117380/rr/variant-96.m3u8,96,application/vnd.apple.mpegurl,https://assets.radioplayer.org/756/756181/600/600/l5ussh9l.png,News|Volksmusik,,,,,NzU2fjE4MQ,,,
RTS Couleur 3,SRG SSR · RTS,Radio télévision suisse,fr,https://www.rts.ch/swissradioplayer/couleur-3,https://stxt-audiostreaming.akamaized.net/hls/live/2117380/couleur3/variant-96.m3u8,96,application/vnd.apple.mpegurl,https://assets.radioplayer.org/756/7565038/600/600/m1fhcbm5.jpeg,News,,,,"46.516,6.633",NzU2fjUwMzg,,builtin-rts-la-1ere,Y
RTS Espace 2,SRG SSR · RTS,Radio télévision suisse,fr,https://www.rts.ch/swissradioplayer/espace-2,https://stxt-audiostreaming.akamaized.net/hls/live/2117380/espace-2/variant-96.m3u8,96,application/vnd.apple.mpegurl,https://assets.radioplayer.org/756/7565037/600/600/m1fhhj2z.png,Classique,,,,"46.516,6.633",NzU2fjUwMzc,,builtin-rts-la-1ere,Y
RTS Première,SRG SSR · RTS,Radio télévision suisse,fr,https://www.rts.ch/swissradioplayer/la-1ere,https://stxt-audiostreaming.akamaized.net/hls/live/2117380/la-1ere/variant-96.m3u8,96,application/vnd.apple.mpegurl,https://assets.radioplayer.org/756/7565036/600/600/m1ko49e4.jpeg,News,,,,"46.516,6.633",NzU2fjUwMzY,,builtin-rts-la-1ere,Y
RTS Option Musique,SRG SSR · RTS,Radio télévision suisse,fr,https://console.swissradioplayer.ch/stations/live/5039/index.html,https://stxt-audiostreaming.akamaized.net/hls/live/2117380/option-musique/variant-96.m3u8,96,application/vnd.apple.mpegurl,https://assets.radioplayer.org/756/7565039/600/600/m1fhmjcc.jpeg,Pop-Rock|Chanson / Ballad,,,,"46.516,6.633",NzU2fjUwMzk,,builtin-rts-option-musique,Y
Spitalradio LuZ,independent / community,,de,https://console.swissradioplayer.ch/stations/live/199/index.html,https://s10.streamingcloud.online:13552/radioluz320.mp3,320,mpeg,https://assets.radioplayer.org/756/756199/600/600/lrhmp8ii.png,Oldies|Pop-Rock,,,,,NzU2fjE5OQ,,,
SPOON ROCK,,,,http://www.spoonradio.com/console/index.html,https://ic2527.c972.fastserv.com:80/spoonradio_aacp_128,128,aac,https://assets.radioplayer.org/756/7565033/600/600/luohob6t.png,Rock|Alternative / Indie,,,,"46.948,7.447",NzU2fjUwMzM,,ch-spoon-radio-classic-rock,Y
Radio SRF 1,SRG SSR · SRF,Schweizer Radio und Fernsehen,de,https://console.swissradioplayer.ch/stations/live/168/index.html,https://stxt-audiostreaming.akamaized.net/hls/live/2117380/srf1/variant-96.m3u8,96,application/vnd.apple.mpegurl,https://assets.radioplayer.org/756/756168/600/600/ld1db5gg.png,News,,,,,NzU2fjE2OA,,,
Radio SRF 1 AG SO,SRG SSR · SRF,,de,https://console.swissradioplayer.ch/stations/live/174/index.html,https://stxt-audiostreaming.akamaized.net/hls/live/2117380/regi_ag_so/variant-96.m3u8,96,application/vnd.apple.mpegurl,https://assets.radioplayer.org/756/756174/600/600/ldlfi8zz.png,News,,,,,NzU2fjE3NA,,,
Radio SRF 1 BE FR VS,SRG SSR · SRF,,de,https://console.swissradioplayer.ch/stations/live/176/index.html,https://stxt-audiostreaming.akamaized.net/hls/live/2117380/regi_be_fr_vs/variant-96.m3u8,96,application/vnd.apple.mpegurl,https://assets.radioplayer.org/756/756176/600/600/lgewdtk6.png,News,,,,,NzU2fjE3Ng,,,
Radio SRF 1 BS BL,SRG SSR · SRF,,de,https://console.swissradioplayer.ch/stations/live/175/index.html,https://stxt-audiostreaming.akamaized.net/hls/live/2117380/regi_bs_bl/variant-96.m3u8,96,application/vnd.apple.mpegurl,https://assets.radioplayer.org/756/756175/600/600/lgeweco9.png,News,,,,,NzU2fjE3NQ,,,
Radio SRF 1 GR,SRG SSR · SRF,,de,https://console.swissradioplayer.ch/stations/live/180/index.html,https://stxt-audiostreaming.akamaized.net/hls/live/2117380/regi_gr/variant-96.m3u8,96,application/vnd.apple.mpegurl,https://assets.radioplayer.org/756/756180/600/600/lgewkk88.png,News,,,,,NzU2fjE4MA,,,
Radio SRF 1 Ostschweiz,SRG SSR · SRF,,de,https://console.swissradioplayer.ch/stations/live/178/index.html,https://stxt-audiostreaming.akamaized.net/hls/live/2117380/regi_ost/variant-96.m3u8,96,application/vnd.apple.mpegurl,https://assets.radioplayer.org/756/756178/600/600/lgewghcj.png,News,,,,,NzU2fjE3OA,,,
Radio SRF 1 Zentralschweiz,SRG SSR · SRF,,de,https://console.swissradioplayer.ch/stations/live/177/index.html,https://stxt-audiostreaming.akamaized.net/hls/live/2117380/regi_zentr/variant-96.m3u8,96,application/vnd.apple.mpegurl,https://assets.radioplayer.org/756/756177/600/600/lgewiann.png,News,,,,,NzU2fjE3Nw,,,
Radio SRF 1 ZH SH,SRG SSR · SRF,,de,https://console.swissradioplayer.ch/stations/live/179/index.html,https://stxt-audiostreaming.akamaized.net/hls/live/2117380/regi_zh_sh/variant-96.m3u8,96,application/vnd.apple.mpegurl,https://assets.radioplayer.org/756/756179/600/600/lgew6in0.png,News,,,,,NzU2fjE3OQ,,,
Radio SRF 2 Kultur,SRG SSR · SRF,Swiss Broadcasting Corporation,de,https://console.swissradioplayer.ch/stations/live/169/index.html,https://stxt-audiostreaming.akamaized.net/hls/live/2117380/srf2/variant-96.m3u8,96,application/vnd.apple.mpegurl,https://assets.radioplayer.org/756/756169/600/600/l5uqv61f.png,News,,,,"47.385,8.529",NzU2fjE2OQ,,builtin-srf-2-kultur,Y
Radio SRF 3,SRG SSR · SRF,Schweizer Radio und Fernsehen,de,https://console.swissradioplayer.ch/stations/live/170/index.html,https://stxt-audiostreaming.akamaized.net/hls/live/2117380/srf3/variant-96.m3u8,96,application/vnd.apple.mpegurl,https://assets.radioplayer.org/756/756170/600/600/l5upk2lb.png,News,,,,"47.385,8.529",NzU2fjE3MA,,builtin-srf-3,Y
Radio SRF 4 News,SRG SSR · SRF,Schweizer Radio und Fernsehen,de,https://console.swissradioplayer.ch/stations/live/171/index.html,https://stxt-audiostreaming.akamaized.net/hls/live/2117380/srf4news/variant-96.m3u8,96,x-mpegurl,https://assets.radioplayer.org/756/756171/600/600/l5upkhua.png,News,,,,"47.385,8.529",NzU2fjE3MQ,,builtin-srf-4-news,Y
Radio SRF Musikwelle,SRG SSR · SRF,Schweizer Radio und Fernsehen,German,https://console.swissradioplayer.ch/stations/live/173/index.html,https://stxt-audiostreaming.akamaized.net/hls/live/2117380/srfmw/variant-96.m3u8,96,application/vnd.apple.mpegurl,https://assets.radioplayer.org/756/756173/600/600/l5upk7t7.png,News,,,,"47.385,8.529",NzU2fjE3Mw,,builtin-srf-musikwelle,Y
Radio SRF Virus,SRG SSR · SRF,Schweizer Radio und Fernsehen,de,https://console.swissradioplayer.ch/stations/live/172/index.html,https://stxt-audiostreaming.akamaized.net/hls/live/2117380/srfvirus/variant-96.m3u8,96,application/vnd.apple.mpegurl,https://assets.radioplayer.org/756/756172/600/600/l458uhlq.png,News,,,,"47.385,8.529",NzU2fjE3Mg,,builtin-srf-virus,Y
Radio Stadtfilter,independent / community,,de,https://api.stadtfilter.net/info.html,https://streamer.stadtfilter.net/stadtfilter.mp3,160,mpeg,https://assets.radioplayer.org/756/756135/600/600/l5uoq9dd.png,Klassik|Alternative / Indie,,,,,NzU2fjEzNQ,,,
Sunradio - Best international Music,,,,,https://stream.sunradio.ch/live,256,mpeg,https://assets.radioplayer.org/756/756277/600/600/lncwm0ho.png,1980s|Pop-Rock,,,,,NzU2fjI3Nw,,,
Sunshine Radio,CH Media,,de,https://www.sunshine.ch/,https://stream.streambase.ch/rsunshine/mp3-192,192,mpeg,https://assets.radioplayer.org/756/756138/600/600/l45cehu2.png,News|Hit-Chart,CH Media,,Y,"0,0",NzU2fjEzOA,,ch-sunshine-radio-switzerland,Y
Radio Swiss Classic (DE),SRG SSR · Radio Swiss,,de,https://console.swissradioplayer.ch/stations/live/10004/index.html,https://stxt-audiostreaming.akamaized.net/hls/live/2117380/rsc_de/variant-96.m3u8,96,application/vnd.apple.mpegurl,https://assets.radioplayer.org/756/75610004/600/600/l458uan8.png,Classical Music,,,,,NzU2fjEwMDA0,,,
Radio Swiss Jazz,SRG SSR · Radio Swiss,Swiss Broadcasting Corporation,de,https://console.swissradioplayer.ch/stations/live/10005/index.html,https://stxt-audiostreaming.akamaized.net/hls/live/2117380/rsj/variant-96.m3u8,96,application/vnd.apple.mpegurl,https://assets.radioplayer.org/756/75610005/600/600/l5ustq4n.png,Jazz,,,,,NzU2fjEwMDA1,,,
Radio Swiss Pop,SRG SSR · Radio Swiss,Swiss Broadcasting Corporation,de,https://console.swissradioplayer.ch/stations/live/185/index.html,https://stream.srg-ssr.ch/m/rsp/mp3_128,128,mpeg,https://assets.radioplayer.org/756/756185/600/600/l459hngh.png,Pop,,,,"46.948,7.447",NzU2fjE4NQ,,builtin-radio-swiss-pop,Y
RADIO TOP ... das Beste aus vier Jahrzehnten,independent / community,,de,https://streaming2.toponline.ch/srptopv5/,https://radiotop.ice.infomaniak.ch/radiotop96.aac,96,aac,https://assets.radioplayer.org/756/756152/11/1134-molfvauq.png,Pop|Rock,Infomaniak (Romandie),,,,NzU2fjE1Mg,,,
toxic.fm,independent / community,,de,https://player.toxic.fm/,https://toxicfm.ice.infomaniak.ch/toxicfm-128.mp3,128,mpeg,https://assets.radioplayer.org/756/756143/600/600/l6yv13xj.png,Dance / Dance-Pop,Infomaniak (Romandie),,Y,"0,0",NzU2fjE0Mw,,ch-toxic-fm,Y
Vertical Radio,,,,https://www.verticalradio.ch/,https://verticalradio.ice.infomaniak.ch/verticalradio-128.aac,128,aac,https://assets.radioplayer.org/756/7565017/11/1128-m6qcit42.jpeg,Rock|Alternative / Indie,Infomaniak (Romandie),,,"46.948,7.447",NzU2fjUwMTc,,ch-vertical-radio,Y
Vibration 108,independent,,fr,https://www.vibration108.ch,https://vibration108-high.ice.infomaniak.ch/vibration108-high.mp3,192,mpeg,https://assets.radioplayer.org/756/7565019/600/600/l459t2ca.png,Hit-Chart|Pop,Infomaniak (Romandie),,,,NzU2fjUwMTk,,,
Virgin Radio Switzerland,CH Media,,de,https://virginradio.ch,https://stream.streambase.ch/vrock/mp3-192,192,mpeg,https://assets.radioplayer.org/756/756131/600/600/l45dtmql.png,News,CH Media,,,"47.4184,8.5552",NzU2fjEzMQ,,ch-virgin-radio-switzerland,Y
Radio VOLARE,,,,http://www.radiovolare.com/player.ch/,https://ice12.fluidstream.net/rvolare_ch.mp3,112,mpeg,https://assets.radioplayer.org/756/756167/600/600/l458orrt.png,Pop|Chanson / Ballad,,,,,NzU2fjE2Nw,,,
Radio X Basel,independent / community,,de,https://static.radiox.ch/srp/,https://mp3.radiox.ch/standard.mp3,192,mpeg,https://assets.radioplayer.org/756/756142/600/600/l5uoirf3.png,Alternative / Indie,,,,"47.56,7.589",NzU2fjE0Mg,,ch-radio-x,Y
Radio Zürisee,independent / community,,de,https://www.radio.ch/swiss-radioplayer/,https://mp3.radio.ch/radiozuerisee256kswiss-radio-player,256,mpeg,https://assets.radioplayer.org/756/756149/600/600/lh1h61jb.png,Hit-Chart|Pop,,,Y,"0,0",NzU2fjE0OQ,,ch-radio-zurisee-9626c282,Y
80er 90er Pophits,independent / community,,de,https://www.radio.ch/swiss-radioplayer-eighties/,https://zurisee.api.radiosphere.io/channels/80er-90er-pophits/stream.mp3,256,mpeg,https://assets.radioplayer.org/756/756201/600/600/m32s1xyp.jpeg,1980s,,,,"0,0",NzU2fjIwMQ,,ch-radio-zurisee-9626c282,Y
80er 90er Rockhits,independent / community,,de,https://www.radio.ch/swiss-radioplayer-rock/,https://zurisee.channels.radiosphere.io/80er-90er-rockhits/stream.mp3,128,mpeg,https://assets.radioplayer.org/756/756187/600/600/m32s7d0o.jpeg,Rock,,,,"0,0",NzU2fjE4Nw,,ch-radio-zurisee-9626c282,Y
